USE rent_smart;

INSERT INTO users (username, password, user_type, email) VALUES ('alfredo9', 'manorismine', 'landlord', 'alfred@waynecorp.net');
INSERT INTO users (username, password, user_type, email) VALUES ('dvader', 'darkside', 'tenant', 'anakin@imperial.gov');
INSERT INTO users (username, password, user_type, email) VALUES ('hconrad', 'luvpaperwork', 'landlord', 'hconrad@planexp.com');
INSERT INTO users (username, password, user_type, email) VALUES ('nanderson1', 'nathan', 'tenant', 'nathan@nathan.gov');
INSERT INTO users (username, password, user_type, email) VALUES ('peanutman', 'tophat', 'landlord', 'topnut@planters.com');
INSERT INTO users (username, password, user_type, email) VALUES ('shinyass', 'biteme', 'tenant', 'bend@planexp.com');
INSERT INTO users (username, password, user_type, email) VALUES ('sjobs', 'apple', 'tenant', 'apple@itunes.com');
INSERT INTO tenants (username, fname, lname, about_tenant, profile_img_url) VALUES ('dvader', 'Darth', 'Vader', 'I find your lack of faith disturbing.', 'userimages/dvaderimg.jpeg');
INSERT INTO tenants (username, fname, lname, about_tenant, profile_img_url) VALUES ('nanderson1', 'Nathan', 'Anderson', null, null);
INSERT INTO tenants (username, fname, lname, about_tenant, profile_img_url) VALUES ('shinyass', 'Bender', 'Rodriguez', 'Bite my shiny metal ass', 'userimages/benderimg.png');
INSERT INTO tenants (username, fname, lname, about_tenant, profile_img_url) VALUES ('sjobs', 'Steve', 'Jobs', 'I''m richer than you', 'userimages/sjobsimg.jpg');
INSERT INTO friends (user_one, user_two) VALUES ('dvader', 'shinyass');
INSERT INTO friends (user_one, user_two) VALUES ('shinyass', 'sjobs');
INSERT INTO landlords (username, fname, lname, company_name, public_email, website, phone, about_landlord, profile_img_url) VALUES ('alfredo9', 'Alfred', 'Pennyworth', null, 'rent@waynecorp.net', 'waynecorp.net/rentals', '507-223-3344', 'Don''t get orphaned by other landlords. Rent from Alfred today.', null);
INSERT INTO landlords (username, fname, lname, company_name, public_email, website, phone, about_landlord, profile_img_url) VALUES ('hconrad', 'Hermes', 'Conrad', null, 'contact@manwichrentals.com', 'manwichrental.com', '212-123-4563', 'Renting with the efficiency of a bureaucrat.', null);
INSERT INTO landlords (username, fname, lname, company_name, public_email, website, phone, about_landlord, profile_img_url) VALUES ('peanutman', null, null, 'Mr. Peanut Rentals', 'rentals@planters.com', 'planters.com', '608-630-0011', 'Nutty low prices on all of our properties!', null);
INSERT INTO properties (landlord, address, apartment, city, state, country, monthly_cost, is_available, beds, baths, water_included, electricity_included, heat_included, trash_included, features, parking, keyword, zip) VALUES ('alfredo9', '1555 Homer Rd', null, 'Winona', 'MN', 'US', 540, 1, 3, 2, 1, 0, 1, 1, 'Spacious features available.', 'Two car garage', 'house', '55987');
INSERT INTO properties (landlord, address, apartment, city, state, country, monthly_cost, is_available, beds, baths, water_included, electricity_included, heat_included, trash_included, features, parking, keyword, zip) VALUES ('alfredo9', '1515 W 5th St', null, 'Winona', 'MN', 'US', 630, 1, 2, 1, 0, 0, 0, 1, 'More features than the other one', 'Street parking', 'good', '55987');
INSERT INTO properties (landlord, address, apartment, city, state, country, monthly_cost, is_available, beds, baths, water_included, electricity_included, heat_included, trash_included, features, parking, keyword, zip) VALUES ('hconrad', '103 E 5th St', 'Apt 5', 'Winona', 'MN', 'US', 300, 0, 4, 1, 1, 1, 1, 1, 'Loud af', 'Paid', 'complex', '55987');
INSERT INTO properties (landlord, address, apartment, city, state, country, monthly_cost, is_available, beds, baths, water_included, electricity_included, heat_included, trash_included, features, parking, keyword, zip) VALUES ('peanutman', '311 Washington St', 'Down', 'Winona', 'MN', 'US', 330, 1, 3, 1, 1, 0, 0, 1, 'Tilted fun', '3 car driveway', 'apartment', '55987');
INSERT INTO landlord_comments (username, user_comment) VALUES ('peanutman', 'Too salty about the little things for my taste.');
INSERT INTO landlord_comments (username, user_comment) VALUES ('hconrad', 'Pretty uptight about most things.');
INSERT INTO landlord_comments (username, user_comment) VALUES ('peanutman', 'Has a weird hat');
INSERT INTO landlord_comments (username, user_comment) VALUES ('alfredo9', 'Takes care of you like a parent');
INSERT INTO landlord_ratings (username, user_rating) VALUES ('hconrad', 4);
INSERT INTO landlord_ratings (username, user_rating) VALUES ('hconrad', 5);
INSERT INTO landlord_ratings (username, user_rating) VALUES ('hconrad', 3);
INSERT INTO landlord_ratings (username, user_rating) VALUES ('hconrad', 4);
INSERT INTO landlord_ratings (username, user_rating) VALUES ('hconrad', 3);
INSERT INTO landlord_ratings (username, user_rating) VALUES ('hconrad', 1);
INSERT INTO landlord_ratings (username, user_rating) VALUES ('hconrad', 4);
INSERT INTO landlord_ratings (username, user_rating) VALUES ('hconrad', 2);
INSERT INTO landlord_ratings (username, user_rating) VALUES ('hconrad', 3);
INSERT INTO landlord_ratings (username, user_rating) VALUES ('hconrad', 4);
INSERT INTO landlord_ratings (username, user_rating) VALUES ('hconrad', 3);
INSERT INTO landlord_ratings (username, user_rating) VALUES ('hconrad', 4);
INSERT INTO landlord_ratings (username, user_rating) VALUES ('hconrad', 2);
INSERT INTO landlord_ratings (username, user_rating) VALUES ('hconrad', 1);
INSERT INTO landlord_ratings (username, user_rating) VALUES ('hconrad', 1);
INSERT INTO landlord_ratings (username, user_rating) VALUES ('hconrad', 4);
INSERT INTO landlord_ratings (username, user_rating) VALUES ('alfredo9', 5);
INSERT INTO landlord_ratings (username, user_rating) VALUES ('alfredo9', 4);
INSERT INTO landlord_ratings (username, user_rating) VALUES ('alfredo9', 4);
INSERT INTO landlord_ratings (username, user_rating) VALUES ('alfredo9', 5);
INSERT INTO landlord_ratings (username, user_rating) VALUES ('alfredo9', 3);
INSERT INTO landlord_ratings (username, user_rating) VALUES ('peanutman', 3);
INSERT INTO landlord_ratings (username, user_rating) VALUES ('peanutman', 3);
INSERT INTO landlord_ratings (username, user_rating) VALUES ('peanutman', 4);
INSERT INTO landlord_ratings (username, user_rating) VALUES ('peanutman', 3);
INSERT INTO landlord_ratings (username, user_rating) VALUES ('peanutman', 5);
INSERT INTO landlord_ratings (username, user_rating) VALUES ('peanutman', 2);
INSERT INTO property_images (property_id, image_url) VALUES (1, 'images/11111.jpg');
INSERT INTO property_images (property_id, image_url) VALUES (1, 'images/111111.jpg');
INSERT INTO property_images (property_id, image_url) VALUES (1, 'images/111112.jpg');
INSERT INTO property_images (property_id, image_url) VALUES (1, 'images/111113.jpg');
INSERT INTO property_images (property_id, image_url) VALUES (1, 'images/111114.jpg');
INSERT INTO property_images (property_id, image_url) VALUES (2, 'images/11112.jpg');
INSERT INTO property_images (property_id, image_url) VALUES (3, 'images/11113.jpg');
INSERT INTO property_images (property_id, image_url) VALUES (4, 'images/111133.jpg');
INSERT INTO tenant_addresses (username, property_id, is_current_address) VALUES ('shinyass', 4, 0);
INSERT INTO tenant_addresses (username, property_id, is_current_address) VALUES ('shinyass', 3, 1);
